id;content_type;size;file_name;file;file_content_type
1;interfaces;67202;implementation;../fake-data/blob/hipster.png;image/png
2;Wallis and Futuna;28654;Utah Computers Small Fresh Gloves;../fake-data/blob/hipster.png;image/png
3;Brunei Darussalam interface;82786;composite Orchestrator Club;../fake-data/blob/hipster.png;image/png
4;Intelligent Granite Shirt Peru deposit;72609;Strategist;../fake-data/blob/hipster.png;image/png
5;card Licensed Cotton Ball;43352;bypass Ameliorated;../fake-data/blob/hipster.png;image/png
6;Brand;83598;Saudi Riyal paradigms;../fake-data/blob/hipster.png;image/png
7;Corporate;44235;Optimized;../fake-data/blob/hipster.png;image/png
8;microchip;66019;motivating Operations alarm;../fake-data/blob/hipster.png;image/png
9;e-markets system;4771;Louisiana;../fake-data/blob/hipster.png;image/png
10;hack;1439;Wooden Ergonomic Steel Gloves;../fake-data/blob/hipster.png;image/png
