id;nombre;apellido_paterno;email;telefono;fecha_alta;fecha_modificacion
1;Steel Avon Visionary;exploit transition;Dashawn_West59@hotmail.com;dynamic ba;2020-04-22T06:16:33;2020-04-22T01:56:46
2;communities National Cotton;Advanced grow;Anabelle76@yahoo.com;quantifyin;2020-04-21T21:29:12;2020-04-21T21:26:34
3;Idaho Markets grow;Refined;Damon_Kerluke1@yahoo.com;Designer I;2020-04-21T15:31:00;2020-04-21T17:17:21
4;Optional;Associate Central African Republic Savings Account;Eleanora_Kling69@hotmail.com;iterate pr;2020-04-21T17:22:54;2020-04-22T08:36:16
5;Brand Regional Court;B2B Mouse;Jalyn.Howell@yahoo.com;analyzing ;2020-04-22T09:06:32;2020-04-21T15:40:44
6;Kwanza Falkland Islands (Malvinas);schemas;Marlee13@yahoo.com;Licensed U;2020-04-22T01:23:59;2020-04-22T00:37:33
7;markets Accountability EXE;Chair;Garth.Sanford98@yahoo.com;Shirt Cred;2020-04-21T16:04:12;2020-04-21T19:26:52
8;Tennessee Practical Steel Shirt Plastic;Ergonomic Fresh Chicken;Kaden_Zulauf91@hotmail.com;Rhode Isla;2020-04-21T21:10:40;2020-04-21T18:57:23
9;Ergonomic Falls;User-friendly;Lempi87@gmail.com;calculate ;2020-04-22T03:23:30;2020-04-22T02:51:37
10;transmit Gabon;connecting Planner Refined;Gudrun48@hotmail.com;deliverabl;2020-04-21T20:30:57;2020-04-22T00:27:37
