id;nombre;fecha_alta;fecha_modificacion
1;Developer Shoes Music;2020-04-21T21:01:37;2020-04-22T03:32:56
2;Hollow Shoes systems;2020-04-22T05:47:01;2020-04-22T14:11:39
3;Web HTTP;2020-04-22T09:05:10;2020-04-22T06:21:25
4;Personal Loan Account;2020-04-22T03:16:21;2020-04-22T03:19:22
5;Norfolk Island Chilean Peso Unidades de fomento Checking Account;2020-04-21T16:41:40;2020-04-21T23:55:47
6;Outdoors New York Data;2020-04-22T01:32:11;2020-04-21T23:05:44
7;North Carolina Granite;2020-04-21T19:52:44;2020-04-22T02:15:10
8;Web revolutionize Branding;2020-04-21T17:37:10;2020-04-22T10:23:14
9;analyzing;2020-04-22T10:11:51;2020-04-22T12:55:44
10;Books Generic;2020-04-21T22:57:20;2020-04-22T07:16:13
